feature,drop_mean,drop_std
pointer_x_std,0.18537152880769242,0.05301443406428237
peer_item_pop_mean,0.13253437653917277,0.03333517549807671
category_nunique,0.062066005419513404,0.006938102035836786
dt_min,0.043900934047282764,0.01301531628529976
dt_q25,0.036290805639620005,0.013282081638826672
peer_location_nunique,0.035449052293309635,0.022679844542012148
dt_q75,0.03177603128807385,0.023046099041360502
peer_dt_median,0.02421365769468367,0.012902518691687077
pointer_unique_pts,0.01858358281113401,0.006034033135877111
dt_median,0.015759153989364727,0.004983132833258584
contact_per_search,0.011510791366906498,0.002492159435350877
location_nunique,0.011490382162355262,0.004741385912917567
event_entropy,0.010358317795892275,0.008006970696735406
peer_item_nunique,0.009948130731561616,0.010379502599538014
is_desktop_max,0.00912739360969042,0.0024501166808868612
seller_pro_ratio,0.008693179365152487,0.006147364396288007
page_jump_mean,0.008244966072866594,0.006368403062711668
item_pop_mean,0.008237373895603944,0.010703338931484596
traverse_intensity,0.00816124236518359,0.00874798334267454
cookie_age_hours,0.007918771365886035,0.005039622154682086
items_per_query,0.007563289593317785,0.004156434709005623
query_nunique,0.006818781792327505,0.0036172146557554865
dt_iqr,0.006484937925171991,0.004812390753331588
photo_to_item_ratio,0.006093703557303737,0.004763992880731797
ratio_item_view,0.005854587702756181,0.005241001541112652
pointer_speed_median,0.0058117032210098785,0.005143845693818986
peer_n_events,0.005806783144912675,0.0
seller_private_ratio,0.005780355715688079,0.003252747031589586
phone_to_item_ratio,0.005770594791772221,0.005855905646776178
cnt_item_view,0.0053876774356912405,0.002395932973675712
total_contacts_ratio,0.005340944635595896,0.008028449205130532
n_events,0.005048818088386475,0.002969460598620795
search_page_mean,0.005045732146937459,0.0024092845640009187
page_next_share,0.004701952723535491,0.00277313805793055
is_multi_location,0.00435200141723549,0.0018179483507523256
is_mobile_max,0.004323739853362707,0.0039827576164754176
pointer_y_std,0.004035725142220281,0.0035249891714892634
item_repeat_ratio,0.0039848805060579695,0.006640563755279728
cnt_seller_page_view,0.003927975631916852,0.0026188898741277868
search_page_nunique,0.003927975631916852,0.0026188898741277868
dt_std,0.003581110267065868,0.002225672877846807
fav_per_search,0.003250256937307322,0.0032870657616148762
dt_int_bias_1s,0.0032216594901691986,0.004829322873159629
ratio_seller_page_view,0.0029162384378212114,0.00364839667326143
desktop_no_pointer,0.0029033915724563375,0.0029033915724563375
cookie_age_days,0.002815139192993449,0.002528277688037176
search_page_max,0.002815139192993449,0.0025282776880371756
item_uniq_x_new,0.002563176473081019,0.002169536023480133
ratio_search_results_view,0.0024762798456886836,0.002779556122938912
is_avito_app_max,0.002129414480837699,0.0021940560270548443
seller_pro_cnt,0.0021263285393886833,0.0013352226391989952
events_per_sec,0.0018034019988978078,0.0032546284193552912
ratio_login,0.001790555133532934,0.0023838828758587505
ratio_photo_swipe,0.0014661153329220133,0.002993101526866513
trans_item_to_photo_ratio,0.0014516957862281687,0.002514410858880836
search_page_std,0.0013554373892190608,0.0
peer_events_per_sec,0.0013554373892190608,0.0
is_fresh_cookie_24h,0.0013554373892190608,0.0
page_skip_share,0.0013554373892190608,0.0
cnt_photo_swipe,0.0013554373892190608,0.0
pointer_ratio,0.0013554373892190608,0.0
chat_to_item_ratio,0.0013554373892190608,0.0
active_duration_sec,0.0010165780419142956,0.0005869216061514812
item_pop_min,0.0010165780419142956,0.0005869216061514812
dt_mean,0.0010165780419142956,0.0005869216061514812
trans_search_to_search_cnt,0.0010165780419142956,0.0005869216061514812
trans_item_to_phone_ratio,0.0010165780419142956,0.0005869216061514812
ratio_contact_chat_open,0.0010165780419142956,0.0005869216061514812
cnt_contact_chat_open,0.0010165780419142956,0.0005869216061514812
peer_search_page_max,0.000682559542428185,0.0011654586179293436
total_contacts,0.0006777186946095304,0.0006777186946095304
trans_item_to_photo_cnt,0.0006777186946095304,0.0006777186946095304
cnt_favorite_add,0.0006777186946095304,0.0006777186946095304
log_cookie_age_hours,0.0006777186946095304,0.0006777186946095304
cnt_contact_message_sent,0.0003388593473047652,0.0005869216061514812
dt_fast_ratio_1s,0.0003388593473047652,0.0005869216061514812
login_x_locations,0.0003388593473047652,0.0005869216061514812
has_login,0.0003388593473047652,0.0005869216061514812
cnt_search_results_view,0.0003388593473047652,0.0005869216061514812
is_headless_max,0.0003388593473047652,0.0005869216061514812
night_events_cnt,0.0003388593473047652,0.0005869216061514812
night_events_ratio,0.0003388593473047652,0.0005869216061514812
run_len_max,0.0003388593473047652,0.0005869216061514812
events_after_login_share,0.0003388593473047652,0.0005869216061514812
active_hours_nunique,0.0003388593473047652,0.0005869216061514812
ua_nunique,0.0003388593473047652,0.0005869216061514812
page_arith_run,0.0003388593473047652,0.0005869216061514812
cnt_contact_phone_show,0.0003388593473047652,0.0005869216061514812
item_nunique,4.84084781865457e-06,0.0009516052896088031
is_deep_search_20,0.0,0.0
trans_item_to_phone_cnt,0.0,0.0
seller_private_cnt,0.0,0.0
login_x_events,0.0,0.0
trans_item_to_item_cnt,0.0,0.0
cnt_login,0.0,0.0
dt_ultrafast_ratio_03s,0.0,0.0
is_deep_search_10,0.0,0.0
is_created_cron_peak,0.0,0.0
is_created_at_night,0.0,0.0
created_hour,0.0,0.0
is_fresh_cookie_1h,0.0,0.0
trans_photo_to_photo_cnt,0.0,0.0
is_crawler_lib_max,0.0,0.0
no_text_search,0.0,0.0
ratio_contact_phone_show,0.0,0.0
is_deep_search_5,0.0,0.0
items_per_search,-2.447468511110329e-05,0.0037541179459398004
dt_fast_ratio_30s,-0.000878783192533622,0.007091836804175849
ratio_favorite_add,-0.002139469619254958,0.0016872613093459519
ratio_contact_message_sent,-0.0037570387993000887,0.0022352942299709512
